Unique ID,Plot,Plot size (m),Team,Writer,DBH measurer,Height measurer,X coordinate,Y coordinate,Forest type,Plot tree ID,Notes,Circumference at breast height (m),Height (m)
1,1,20x20,"Thijme, Joshua, Stanley",Joshua,Thijme,Stanley,37.800.770,26.827.464,Coniferous,1,,1.15,11.4
2,1,20x20,"Thijme, Joshua, Stanley",Joshua,Thijme,Stanley,37.800.770,26.827.464,Coniferous,2,,1.76,14.95
3,1,20x20,"Thijme, Joshua, Stanley",Joshua,Thijme,Stanley,37.800.770,26.827.464,Coniferous,3,,1.73,11
4,1,20x20,"Thijme, Joshua, Stanley",Joshua,Thijme,Stanley,37.800.770,26.827.464,Coniferous,4,,0.69,16.28
5,1,20x20,"Thijme, Joshua, Stanley",Joshua,Thijme,Stanley,37.800.770,26.827.464,Coniferous,5,,0.77,7.61
6,1,20x20,"Thijme, Joshua, Stanley",Joshua,Thijme,Stanley,37.800.770,26.827.464,Coniferous,6,,1.99,15.52
7,1,20x20,"Thijme, Joshua, Stanley",Joshua,Thijme,Stanley,37.800.770,26.827.464,Coniferous,7,,1.36,14.57
8,1,20x20,"Thijme, Joshua, Stanley",Joshua,Thijme,Stanley,37.800.770,26.827.464,Coniferous,8,,1.21,16.1
9,1,20x20,"Thijme, Joshua, Stanley",Joshua,Thijme,Stanley,37.800.770,26.827.464,Coniferous,9,,2,16.57
10,1,20x20,"Thijme, Joshua, Stanley",Joshua,Thijme,Stanley,37.800.770,26.827.464,Coniferous,10,,1.94,16.57
11,1,20x20,"Thijme, Joshua, Stanley",Joshua,Thijme,Stanley,37.800.770,26.827.464,Coniferous,11,,2.1,16.57
12,1,20x20,"Thijme, Joshua, Stanley",Joshua,Thijme,Stanley,37.800.770,26.827.464,Coniferous,12,Very low,0.83,5.04
13,1,20x20,"Thijme, Joshua, Stanley",Joshua,Thijme,Stanley,37.800.770,26.827.464,Coniferous,13,,1.15,7.76
14,2,20x20,"Thijme, Joshua, Stanley",Stanley,Joshua,Thijme,37.799.982,26.829.932,Coniferous,1,,1.62,17.11
15,2,20x20,"Thijme, Joshua, Stanley",Stanley,Joshua,Thijme,37.799.982,26.829.932,Coniferous,2,,0.82,9.8
16,2,20x20,"Thijme, Joshua, Stanley",Stanley,Joshua,Thijme,37.799.982,26.829.932,Coniferous,3,,1.08,12.77
17,2,20x20,"Thijme, Joshua, Stanley",Stanley,Joshua,Thijme,37.799.982,26.829.932,Coniferous,4,,1.02,10.53
18,2,20x20,"Thijme, Joshua, Stanley",Stanley,Joshua,Thijme,37.799.982,26.829.932,Coniferous,5,,0.7,10.96
19,2,20x20,"Thijme, Joshua, Stanley",Stanley,Joshua,Thijme,37.799.982,26.829.932,Coniferous,6,,0.86,12.93
20,2,20x20,"Thijme, Joshua, Stanley",Stanley,Joshua,Thijme,37.799.982,26.829.932,Coniferous,7,,1.33,20.12
21,2,20x20,"Thijme, Joshua, Stanley",Stanley,Joshua,Thijme,37.799.982,26.829.932,Coniferous,8,Dead,0.73,6.15
22,2,20x20,"Thijme, Joshua, Stanley",Stanley,Joshua,Thijme,37.799.982,26.829.932,Coniferous,9,,1.23,19.05
23,2,20x20,"Thijme, Joshua, Stanley",Stanley,Joshua,Thijme,37.799.982,26.829.932,Coniferous,10,,1.32,18.7
24,2,20x20,"Thijme, Joshua, Stanley",Stanley,Joshua,Thijme,37.799.982,26.829.932,Coniferous,11,,0.86,14.83
25,2,20x20,"Thijme, Joshua, Stanley",Stanley,Joshua,Thijme,37.799.982,26.829.932,Coniferous,12,Forked,1.9,18.75
26,2,20x20,"Thijme, Joshua, Stanley",Stanley,Joshua,Thijme,37.799.982,26.829.932,Coniferous,13,,1.44,17.13
27,2,20x20,"Thijme, Joshua, Stanley",Stanley,Joshua,Thijme,37.799.982,26.829.932,Coniferous,14,,1.18,10.82
28,2,20x20,"Thijme, Joshua, Stanley",Stanley,Joshua,Thijme,37.799.982,26.829.932,Coniferous,15,,1.02,12.97
29,2,20x20,"Thijme, Joshua, Stanley",Stanley,Joshua,Thijme,37.799.982,26.829.932,Coniferous,16,,1.01,20.76
30,3,20x20,"Thijme, Joshua, Stanley",Thijme,Stanley,Joshua,37.792.500,26.835.131,Coniferous,1,,1.49,15.82
31,3,20x20,"Thijme, Joshua, Stanley",Thijme,Stanley,Joshua,37.792.500,26.835.131,Coniferous,2,,1.7,11.65
32,3,20x20,"Thijme, Joshua, Stanley",Thijme,Stanley,Joshua,37.792.500,26.835.131,Coniferous,3,,1.13,16.5
33,3,20x20,"Thijme, Joshua, Stanley",Thijme,Stanley,Joshua,37.792.500,26.835.131,Coniferous,4,Forked,1.46,12.18
34,3,20x20,"Thijme, Joshua, Stanley",Thijme,Stanley,Joshua,37.792.500,26.835.131,Coniferous,5,,1.5,17.48
35,3,20x20,"Thijme, Joshua, Stanley",Thijme,Stanley,Joshua,37.792.500,26.835.131,Coniferous,6,,0.88,12.01
36,3,20x20,"Thijme, Joshua, Stanley",Thijme,Stanley,Joshua,37.792.500,26.835.131,Coniferous,7,,1.35,12.04
37,3,20x20,"Thijme, Joshua, Stanley",Thijme,Stanley,Joshua,37.792.500,26.835.131,Coniferous,8,,0.52,7.05
38,3,20x20,"Thijme, Joshua, Stanley",Thijme,Stanley,Joshua,37.792.500,26.835.131,Coniferous,9,,1.04,12.12
39,3,20x20,"Thijme, Joshua, Stanley",Thijme,Stanley,Joshua,37.792.500,26.835.131,Coniferous,10,,0.94,11.21
40,3,20x20,"Thijme, Joshua, Stanley",Thijme,Stanley,Joshua,37.792.500,26.835.131,Coniferous,11,,1.2,14.54
41,3,20x20,"Thijme, Joshua, Stanley",Thijme,Stanley,Joshua,37.792.500,26.835.131,Coniferous,12,,1.25,15.84
42,3,20x20,"Thijme, Joshua, Stanley",Thijme,Stanley,Joshua,37.792.500,26.835.131,Coniferous,13,,1.01,17.64
43,3,20x20,"Thijme, Joshua, Stanley",Thijme,Stanley,Joshua,37.792.500,26.835.131,Coniferous,14,,1.47,14.76
44,3,20x20,"Thijme, Joshua, Stanley",Thijme,Stanley,Joshua,37.792.500,26.835.131,Coniferous,15,Dead,1.29,12.75
45,3,20x20,"Thijme, Joshua, Stanley",Thijme,Stanley,Joshua,37.792.500,26.835.131,Coniferous,16,,0.93,15.32
46,3,20x20,"Thijme, Joshua, Stanley",Thijme,Stanley,Joshua,37.792.500,26.835.131,Coniferous,17,,1.29,16.78
47,3,20x20,"Thijme, Joshua, Stanley",Thijme,Stanley,Joshua,37.792.500,26.835.131,Coniferous,18,,1.07,18.23
48,3,20x20,"Thijme, Joshua, Stanley",Thijme,Stanley,Joshua,37.792.500,26.835.131,Coniferous,19,,1.69,17.45
49,3,20x20,"Thijme, Joshua, Stanley",Thijme,Stanley,Joshua,37.792.500,26.835.131,Coniferous,20,Forked,1.19,17.34
50,3,20x20,"Thijme, Joshua, Stanley",Thijme,Stanley,Joshua,37.792.500,26.835.131,Coniferous,21,,1.41,18.06
51,3,20x20,"Thijme, Joshua, Stanley",Thijme,Stanley,Joshua,37.792.500,26.835.131,Coniferous,22,,1.51,17.57
52,3,20x20,"Thijme, Joshua, Stanley",Thijme,Stanley,Joshua,37.792.500,26.835.131,Coniferous,23,,0.75,15.05
53,3,20x20,"Thijme, Joshua, Stanley",Thijme,Stanley,Joshua,37.792.500,26.835.131,Coniferous,24,,1.53,15.32
54,3,20x20,"Thijme, Joshua, Stanley",Thijme,Stanley,Joshua,37.792.500,26.835.131,Coniferous,25,,0.67,11.84
55,3,20x20,"Thijme, Joshua, Stanley",Thijme,Stanley,Joshua,37.792.500,26.835.131,Coniferous,26,,1.31,16.76
56,4,20x20,"Thijme, Jessica, Sam",Thijme,Jessica,Sam,37.792.620,26.835.103,Coniferous,1,,1.24,21.03
57,4,20x20,"Thijme, Jessica, Sam",Thijme,Jessica,Sam,37.792.620,26.835.103,Coniferous,2,,0.76,17.05
58,4,20x20,"Thijme, Jessica, Sam",Thijme,Jessica,Sam,37.792.620,26.835.103,Coniferous,3,,1.49,27
59,4,20x20,"Thijme, Jessica, Sam",Thijme,Jessica,Sam,37.792.620,26.835.103,Coniferous,4,,1.18,20.78
60,4,20x20,"Thijme, Jessica, Sam",Thijme,Jessica,Sam,37.792.620,26.835.103,Coniferous,5,,0.5,12
61,4,20x20,"Thijme, Jessica, Sam",Thijme,Jessica,Sam,37.792.620,26.835.103,Coniferous,6,Dead,1.43,22.3
62,4,20x20,"Thijme, Jessica, Sam",Thijme,Jessica,Sam,37.792.620,26.835.103,Coniferous,7,Dead,1.44,21.1
63,4,20x20,"Thijme, Jessica, Sam",Thijme,Jessica,Sam,37.792.620,26.835.103,Coniferous,8,,0.86,21.04
64,4,20x20,"Thijme, Jessica, Sam",Thijme,Jessica,Sam,37.792.620,26.835.103,Coniferous,9,Dead,0.76,12
65,4,20x20,"Thijme, Jessica, Sam",Thijme,Jessica,Sam,37.792.620,26.835.103,Coniferous,10,,1.54,30.21
66,4,20x20,"Thijme, Jessica, Sam",Thijme,Jessica,Sam,37.792.620,26.835.103,Broadleaf,11,,0.45,12.97
67,4,20x20,"Thijme, Jessica, Sam",Thijme,Jessica,Sam,37.792.620,26.835.103,Broadleaf,12,,0.43,12.97
68,4,20x20,"Thijme, Jessica, Sam",Thijme,Jessica,Sam,37.792.620,26.835.103,Broadleaf,13,,0.39,10.83
69,4,20x20,"Thijme, Jessica, Sam",Thijme,Jessica,Sam,37.792.620,26.835.103,Broadleaf,14,,0.41,12.56
70,4,20x20,"Thijme, Jessica, Sam",Thijme,Jessica,Sam,37.792.620,26.835.103,Coniferous,15,,1.05,23.85
71,4,20x20,"Thijme, Jessica, Sam",Thijme,Jessica,Sam,37.792.620,26.835.103,Coniferous,16,,1.55,20.07
72,4,20x20,"Thijme, Jessica, Sam",Thijme,Jessica,Sam,37.792.620,26.835.103,Broadleaf,17,,0.46,12.05
73,4,20x20,"Thijme, Jessica, Sam",Thijme,Jessica,Sam,37.792.620,26.835.103,Broadleaf,18,,0.52,12.05
74,4,20x20,"Thijme, Jessica, Sam",Thijme,Jessica,Sam,37.792.620,26.835.103,Coniferous,19,,1.47,22.03
75,4,20x20,"Thijme, Jessica, Sam",Thijme,Jessica,Sam,37.792.620,26.835.103,Coniferous,20,Crooked,0.84,17
76,4,20x20,"Thijme, Jessica, Sam",Thijme,Jessica,Sam,37.792.620,26.835.103,Coniferous,21,,0.77,22
77,4,20x20,"Thijme, Jessica, Sam",Thijme,Jessica,Sam,37.792.620,26.835.103,Coniferous,22,,1.58,27.32
78,4,20x20,"Thijme, Jessica, Sam",Thijme,Jessica,Sam,37.792.620,26.835.103,Coniferous,23,,0.93,25.08
79,4,20x20,"Thijme, Jessica, Sam",Thijme,Jessica,Sam,37.792.620,26.835.103,Coniferous,24,,1.57,32
80,5,20x20,"Thijme, Jessica, Sam",Sam,Jessica,Thijme,37.797.028,26.831.709,Coniferous,1,Dead,0.83,9.45
81,5,20x20,"Thijme, Jessica, Sam",Sam,Jessica,Thijme,37.797.028,26.831.709,Coniferous,2,,1.2,15.23
82,5,20x20,"Thijme, Jessica, Sam",Sam,Jessica,Thijme,37.797.028,26.831.709,Coniferous,3,Dead,0.79,11.72
83,5,20x20,"Thijme, Jessica, Sam",Sam,Jessica,Thijme,37.797.028,26.831.709,Coniferous,4,Dead,1.97,22.21
84,5,20x20,"Thijme, Jessica, Sam",Sam,Jessica,Thijme,37.797.028,26.831.709,Coniferous,5,,0.9,15.04
85,5,20x20,"Thijme, Jessica, Sam",Sam,Jessica,Thijme,37.797.028,26.831.709,Coniferous,6,,1.28,16.17
86,5,20x20,"Thijme, Jessica, Sam",Sam,Jessica,Thijme,37.797.028,26.831.709,Coniferous,7,,0.87,17.32
87,5,20x20,"Thijme, Jessica, Sam",Sam,Jessica,Thijme,37.797.028,26.831.709,Coniferous,8,,1.22,14.12
88,5,20x20,"Thijme, Jessica, Sam",Sam,Jessica,Thijme,37.797.028,26.831.709,Coniferous,9,,0.98,17.03
89,5,20x20,"Thijme, Jessica, Sam",Sam,Jessica,Thijme,37.797.028,26.831.709,Coniferous,10,,0.8,15.13
90,5,20x20,"Thijme, Jessica, Sam",Sam,Jessica,Thijme,37.797.028,26.831.709,Coniferous,11,,1.26,16.56
91,5,20x20,"Thijme, Jessica, Sam",Sam,Jessica,Thijme,37.797.028,26.831.709,Coniferous,12,,1.14,16.03
92,5,20x20,"Thijme, Jessica, Sam",Sam,Jessica,Thijme,37.797.028,26.831.709,Coniferous,13,,1.02,16.11
93,5,20x20,"Thijme, Jessica, Sam",Sam,Jessica,Thijme,37.797.028,26.831.709,Coniferous,14,,1.61,15.86
94,5,20x20,"Thijme, Jessica, Sam",Sam,Jessica,Thijme,37.797.028,26.831.709,Coniferous,15,,1.19,19.38
95,5,20x20,"Thijme, Jessica, Sam",Sam,Jessica,Thijme,37.797.028,26.831.709,Coniferous,16,,1.53,17.85
96,5,20x20,"Thijme, Jessica, Sam",Sam,Jessica,Thijme,37.797.028,26.831.709,Coniferous,17,,0.94,16.6
97,5,20x20,"Thijme, Jessica, Sam",Sam,Jessica,Thijme,37.797.028,26.831.709,Coniferous,18,,1.62,16.74
98,6,20x20,"Thijme, Jessica, Sam",Thijme,Sam,Jessica,38.421.943,26.831.272,Coniferous,1,,1.28,22.78
99,6,20x20,"Thijme, Jessica, Sam",Thijme,Sam,Jessica,38.421.944,26.831.273,Coniferous,2,Dead,0.6,10.32
100,6,20x20,"Thijme, Jessica, Sam",Thijme,Sam,Jessica,38.421.944,26.831.273,Coniferous,3,,1.4,21.16
101,6,20x20,"Thijme, Jessica, Sam",Thijme,Sam,Jessica,38.421.944,26.831.273,Coniferous,4,,1.61,20.84
102,6,20x20,"Thijme, Jessica, Sam",Thijme,Sam,Jessica,38.421.944,26.831.273,Coniferous,5,,1.21,19.16
103,6,20x20,"Thijme, Jessica, Sam",Thijme,Sam,Jessica,38.421.944,26.831.273,Coniferous,6,,1.82,23.18
104,6,20x20,"Thijme, Jessica, Sam",Thijme,Sam,Jessica,38.421.944,26.831.273,Coniferous,7,,0.92,12.04
105,6,20x20,"Thijme, Jessica, Sam",Thijme,Sam,Jessica,38.421.944,26.831.273,Coniferous,8,,1.3,17.05
106,6,20x20,"Thijme, Jessica, Sam",Thijme,Sam,Jessica,38.421.944,26.831.273,Coniferous,9,,1.28,17.32
107,6,20x20,"Thijme, Jessica, Sam",Thijme,Sam,Jessica,38.421.944,26.831.273,Coniferous,10,,0.78,16.08
108,6,20x20,"Thijme, Jessica, Sam",Thijme,Sam,Jessica,38.421.944,26.831.273,Coniferous,11,,1.2,16.41
109,6,20x20,"Thijme, Jessica, Sam",Thijme,Sam,Jessica,38.421.944,26.831.273,Coniferous,12,,1.61,23.18
110,7,10x10,"Thijme, Jessica, Tom",Thijme,Jessica,All,37.796.819,26.834.964,Broadleaf,1,,0.37,7.5
111,7,10x10,"Thijme, Jessica, Tom",Thijme,Jessica,All,37.796.819,26.834.964,Broadleaf,2,,0.33,7.5
112,7,10x10,"Thijme, Jessica, Tom",Thijme,Jessica,All,37.796.819,26.834.964,Broadleaf,3,Curved,0.45,9.44
113,7,10x10,"Thijme, Jessica, Tom",Thijme,Jessica,All,37.796.819,26.834.964,Broadleaf,4,,0.45,9.44
114,7,10x10,"Thijme, Jessica, Tom",Thijme,Jessica,All,37.796.819,26.834.964,Broadleaf,5,,0.51,8.5
115,7,10x10,"Thijme, Jessica, Tom",Thijme,Jessica,All,37.796.819,26.834.964,Broadleaf,6,,0.32,8.5
116,7,10x10,"Thijme, Jessica, Tom",Thijme,Jessica,All,37.796.819,26.834.964,Broadleaf,7,,0.46,8.5
117,7,10x10,"Thijme, Jessica, Tom",Thijme,Jessica,All,37.796.819,26.834.964,Broadleaf,8,Very curved,0.34,10
118,7,10x10,"Thijme, Jessica, Tom",Thijme,Jessica,All,37.796.819,26.834.964,Broadleaf,9,,0.41,9
119,7,10x10,"Thijme, Jessica, Tom",Thijme,Jessica,All,37.796.819,26.834.964,Broadleaf,10,,0.42,9
120,7,10x10,"Thijme, Jessica, Tom",Thijme,Jessica,All,37.796.819,26.834.964,Broadleaf,11,,0.5,10
121,7,10x10,"Thijme, Jessica, Tom",Thijme,Jessica,All,37.796.819,26.834.964,Broadleaf,12,,0.42,10
122,7,10x10,"Thijme, Jessica, Tom",Thijme,Jessica,All,37.796.819,26.834.964,Broadleaf,13,,0.58,12
123,7,10x10,"Thijme, Jessica, Tom",Thijme,Jessica,All,37.796.819,26.834.964,Broadleaf,14,,0.51,11.5
124,7,10x10,"Thijme, Jessica, Tom",Thijme,Jessica,All,37.796.819,26.834.964,Broadleaf,15,Very curved,0.39,9
125,7,10x10,"Thijme, Jessica, Tom",Thijme,Jessica,All,37.796.819,26.834.964,Broadleaf,16,,0.55,11
126,7,10x10,"Thijme, Jessica, Tom",Thijme,Jessica,All,37.796.819,26.834.964,Broadleaf,17,Dead,0.47,8
127,7,10x10,"Thijme, Jessica, Tom",Thijme,Jessica,All,37.796.819,26.834.964,Broadleaf,18,Very curved,0.41,7
128,7,10x10,"Thijme, Jessica, Tom",Thijme,Jessica,All,37.796.819,26.834.964,Broadleaf,19,Very curved,0.51,9.5
129,7,10x10,"Thijme, Jessica, Tom",Thijme,Jessica,All,37.796.819,26.834.964,Broadleaf,20,,0.55,9.5
130,7,10x10,"Thijme, Jessica, Tom",Thijme,Jessica,All,37.796.819,26.834.964,Broadleaf,21,,0.43,6.5
131,7,10x10,"Thijme, Jessica, Tom",Thijme,Jessica,All,37.796.819,26.834.964,Broadleaf,22,Very curved,0.35,7.5
132,7,10x10,"Thijme, Jessica, Tom",Thijme,Jessica,All,37.796.819,26.834.964,Broadleaf,23,Dead,0.49,7.5
133,7,10x10,"Thijme, Jessica, Tom",Thijme,Jessica,All,37.796.819,26.834.964,Broadleaf,24,Dead,0.52,7.5
134,7,10x10,"Thijme, Jessica, Tom",Thijme,Jessica,All,37.796.819,26.834.964,Broadleaf,25,,0.38,6
135,7,10x10,"Thijme, Jessica, Tom",Thijme,Jessica,All,37.796.819,26.834.964,Broadleaf,26,Curved,0.41,10.5
136,7,10x10,"Thijme, Jessica, Tom",Thijme,Jessica,All,37.796.819,26.834.964,Broadleaf,27,Curved,0.48,10.5
137,8,10x10,"Thijme, Jessica, Tom",Thijme,Jessica,All,37.796.762,26.834.671,Broadleaf,1,Very crooked,0.38,9.5
138,8,10x10,"Thijme, Jessica, Tom",Thijme,Jessica,All,37.796.762,26.834.671,Broadleaf,2,,0.55,11
139,8,10x10,"Thijme, Jessica, Tom",Thijme,Jessica,All,37.796.762,26.834.671,Broadleaf,3,,0.53,11
140,8,10x10,"Thijme, Jessica, Tom",Thijme,Jessica,All,37.796.762,26.834.671,Broadleaf,4,Dead,0.33,6
141,8,10x10,"Thijme, Jessica, Tom",Thijme,Jessica,All,37.796.762,26.834.671,Broadleaf,5,,0.38,11
142,8,10x10,"Thijme, Jessica, Tom",Thijme,Jessica,All,37.796.762,26.834.671,Broadleaf,6,Curved,0.49,12
143,8,10x10,"Thijme, Jessica, Tom",Thijme,Jessica,All,37.796.762,26.834.671,Broadleaf,7,Very curvy and dead,0.43,9
144,8,10x10,"Thijme, Jessica, Tom",Thijme,Jessica,All,37.796.762,26.834.671,Broadleaf,8,Curved,0.45,11
145,8,10x10,"Thijme, Jessica, Tom",Thijme,Jessica,All,37.796.762,26.834.671,Broadleaf,9,Curved,0.4,11.5
146,8,10x10,"Thijme, Jessica, Tom",Thijme,Jessica,All,37.796.762,26.834.671,Broadleaf,10,Curved,0.47,11.5
147,8,10x10,"Thijme, Jessica, Tom",Thijme,Jessica,All,37.796.762,26.834.671,Broadleaf,11,Dead,0.64,12
148,8,10x10,"Thijme, Jessica, Tom",Thijme,Jessica,All,37.796.762,26.834.671,Broadleaf,12,,0.38,11
149,8,10x10,"Thijme, Jessica, Tom",Thijme,Jessica,All,37.796.762,26.834.671,Broadleaf,13,,0.48,11.5
150,8,10x10,"Thijme, Jessica, Tom",Thijme,Jessica,All,37.796.762,26.834.671,Broadleaf,14,,0.81,13
151,8,10x10,"Thijme, Jessica, Tom",Thijme,Jessica,All,37.796.762,26.834.671,Broadleaf,15,,0.55,12
152,8,10x10,"Thijme, Jessica, Tom",Thijme,Jessica,All,37.796.762,26.834.671,Broadleaf,16,,0.71,13
153,8,10x10,"Thijme, Jessica, Tom",Thijme,Jessica,All,37.796.762,26.834.671,Broadleaf,17,,0.69,13
154,9,10x10,"Thijme, Jessica, Tom",Thijme,Jessica,All,37.796.896,26.834.882,Broadleaf,1,Very branched,0.5,7
155,9,10x10,"Thijme, Jessica, Tom",Thijme,Jessica,All,37.796.896,26.834.882,Broadleaf,2,,0.41,5
156,9,10x10,"Thijme, Jessica, Tom",Thijme,Jessica,All,37.796.896,26.834.882,Broadleaf,3,,0.83,6
157,9,10x10,"Thijme, Jessica, Tom",Thijme,Jessica,All,37.796.896,26.834.882,Broadleaf,4,,0.36,6
158,9,10x10,"Thijme, Jessica, Tom",Thijme,Jessica,All,37.796.896,26.834.882,Broadleaf,5,,0.63,7
159,9,10x10,"Thijme, Jessica, Tom",Thijme,Jessica,All,37.796.896,26.834.882,Broadleaf,6,Curved,0.42,9
160,9,10x10,"Thijme, Jessica, Tom",Thijme,Jessica,All,37.796.896,26.834.882,Broadleaf,7,Curved,0.38,7
161,9,10x10,"Thijme, Jessica, Tom",Thijme,Jessica,All,37.796.896,26.834.882,Broadleaf,8,Curved,0.66,10
162,9,10x10,"Thijme, Jessica, Tom",Thijme,Jessica,All,37.796.896,26.834.882,Broadleaf,9,Dead,0.31,5
163,9,10x10,"Thijme, Jessica, Tom",Thijme,Jessica,All,37.796.896,26.834.882,Broadleaf,10,,0.52,7
164,9,10x10,"Thijme, Jessica, Tom",Thijme,Jessica,All,37.796.896,26.834.882,Broadleaf,11,,0.52,8
165,9,10x10,"Thijme, Jessica, Tom",Thijme,Jessica,All,37.796.896,26.834.882,Broadleaf,12,Forked,0.62,8
166,9,10x10,"Thijme, Jessica, Tom",Thijme,Jessica,All,37.796.896,26.834.882,Broadleaf,13,Forked,0.7,7
167,9,10x10,"Thijme, Jessica, Tom",Thijme,Jessica,All,37.796.896,26.834.882,Broadleaf,14,Forked and very branched,0.51,6
168,9,10x10,"Thijme, Jessica, Tom",Thijme,Jessica,All,37.796.896,26.834.882,Broadleaf,15,Curved,0.58,7
169,9,10x10,"Thijme, Jessica, Tom",Thijme,Jessica,All,37.796.896,26.834.882,Broadleaf,16,,0.53,7
170,9,10x10,"Thijme, Jessica, Tom",Thijme,Jessica,All,37.796.896,26.834.882,Broadleaf,17,Curved,0.54,7
171,9,10x10,"Thijme, Jessica, Tom",Thijme,Jessica,All,37.796.896,26.834.882,Broadleaf,18,Forked and curved,0.56,8
172,9,10x10,"Thijme, Jessica, Tom",Thijme,Jessica,All,37.796.896,26.834.882,Broadleaf,19,Very curved,0.36,5
173,9,10x10,"Thijme, Jessica, Tom",Thijme,Jessica,All,37.796.896,26.834.882,Broadleaf,20,,0.44,6
174,10,10x10,"Thijme, Jessica, Joshua, Sam",Thijme,Sam,All,37.797.599,26.835.020,Broadleaf,1,Very curved,0.64,6.5
175,10,10x10,"Thijme, Jessica, Joshua, Sam",Thijme,Sam,All,37.797.599,26.835.020,Broadleaf,2,,0.63,7
176,10,10x10,"Thijme, Jessica, Joshua, Sam",Thijme,Sam,All,37.797.599,26.835.020,Broadleaf,3,,0.54,7
177,10,10x10,"Thijme, Jessica, Joshua, Sam",Thijme,Sam,All,37.797.599,26.835.020,Broadleaf,4,Curved,0.55,7.5
178,10,10x10,"Thijme, Jessica, Joshua, Sam",Thijme,Sam,All,37.797.599,26.835.020,Broadleaf,5,,0.48,6.5
179,10,10x10,"Thijme, Jessica, Joshua, Sam",Thijme,Sam,All,37.797.599,26.835.020,Broadleaf,6,,0.48,7
180,10,10x10,"Thijme, Jessica, Joshua, Sam",Thijme,Sam,All,37.797.599,26.835.020,Broadleaf,7,,0.34,6.5
181,10,10x10,"Thijme, Jessica, Joshua, Sam",Thijme,Sam,All,37.797.599,26.835.020,Broadleaf,8,,0.4,6
182,10,10x10,"Thijme, Jessica, Joshua, Sam",Thijme,Sam,All,37.797.599,26.835.020,Broadleaf,9,Forked and curved,0.31,4.5
183,10,10x10,"Thijme, Jessica, Joshua, Sam",Thijme,Sam,All,37.797.599,26.835.020,Broadleaf,10,,0.5,6
184,10,10x10,"Thijme, Jessica, Joshua, Sam",Thijme,Sam,All,37.797.599,26.835.020,Broadleaf,11,Curved,0.38,6.5
185,10,10x10,"Thijme, Jessica, Joshua, Sam",Thijme,Sam,All,37.797.599,26.835.020,Broadleaf,12,Dead,0.33,5
186,10,10x10,"Thijme, Jessica, Joshua, Sam",Thijme,Sam,All,37.797.599,26.835.020,Broadleaf,13,,0.35,3
187,10,10x10,"Thijme, Jessica, Joshua, Sam",Thijme,Sam,All,37.797.599,26.835.020,Broadleaf,14,Dead,0.61,5
188,10,10x10,"Thijme, Jessica, Joshua, Sam",Thijme,Sam,All,37.797.599,26.835.020,Broadleaf,15,,0.38,6.5
189,10,10x10,"Thijme, Jessica, Joshua, Sam",Thijme,Sam,All,37.797.599,26.835.020,Broadleaf,16,,0.35,6.5
190,10,10x10,"Thijme, Jessica, Joshua, Sam",Thijme,Sam,All,37.797.599,26.835.020,Broadleaf,17,Curved,0.46,7
191,10,10x10,"Thijme, Jessica, Joshua, Sam",Thijme,Sam,All,37.797.599,26.835.020,Broadleaf,18,Curved,0.45,7
192,10,10x10,"Thijme, Jessica, Joshua, Sam",Thijme,Sam,All,37.797.599,26.835.020,Broadleaf,19,Curved,0.56,7.5
193,10,10x10,"Thijme, Jessica, Joshua, Sam",Thijme,Sam,All,37.797.599,26.835.020,Broadleaf,20,,0.41,7
194,10,10x10,"Thijme, Jessica, Joshua, Sam",Thijme,Sam,All,37.797.599,26.835.020,Broadleaf,21,,0.47,6.5
195,10,10x10,"Thijme, Jessica, Joshua, Sam",Thijme,Sam,All,37.797.599,26.835.020,Broadleaf,22,,0.52,7
196,10,10x10,"Thijme, Jessica, Joshua, Sam",Thijme,Sam,All,37.797.599,26.835.020,Broadleaf,23,,0.82,8
197,10,10x10,"Thijme, Jessica, Joshua, Sam",Thijme,Sam,All,37.797.599,26.835.020,Broadleaf,24,,0.44,4
198,11,10x10,"Thijme, Jessica, Joshua, Sam",Thijme,Joshua,All,37.797.238,26.834.799,Broadleaf,1,,0.36,5
199,11,10x10,"Thijme, Jessica, Joshua, Sam",Thijme,Joshua,All,37.797.238,26.834.799,Broadleaf,2,,0.33,5
200,11,10x10,"Thijme, Jessica, Joshua, Sam",Thijme,Joshua,All,37.797.238,26.834.799,Broadleaf,3,Curved,0.4,5.5
201,11,10x10,"Thijme, Jessica, Joshua, Sam",Thijme,Joshua,All,37.797.238,26.834.799,Broadleaf,4,,0.52,6.5
202,11,10x10,"Thijme, Jessica, Joshua, Sam",Thijme,Joshua,All,37.797.238,26.834.799,Broadleaf,5,Very curved,0.31,6
203,11,10x10,"Thijme, Jessica, Joshua, Sam",Thijme,Joshua,All,37.797.238,26.834.799,Broadleaf,6,Very curved,0.35,6
204,11,10x10,"Thijme, Jessica, Joshua, Sam",Thijme,Joshua,All,37.797.238,26.834.799,Broadleaf,7,,0.31,6
205,11,10x10,"Thijme, Jessica, Joshua, Sam",Thijme,Joshua,All,37.797.238,26.834.799,Broadleaf,8,,0.43,5.5
206,11,10x10,"Thijme, Jessica, Joshua, Sam",Thijme,Joshua,All,37.797.238,26.834.799,Broadleaf,9,,0.52,6
207,11,10x10,"Thijme, Jessica, Joshua, Sam",Thijme,Joshua,All,37.797.238,26.834.799,Broadleaf,10,,0.31,6
208,11,10x10,"Thijme, Jessica, Joshua, Sam",Thijme,Joshua,All,37.797.238,26.834.799,Broadleaf,11,Very curved,0.35,6.5
209,11,10x10,"Thijme, Jessica, Joshua, Sam",Thijme,Joshua,All,37.797.238,26.834.799,Broadleaf,12,Curved,0.43,5
210,11,10x10,"Thijme, Jessica, Joshua, Sam",Thijme,Joshua,All,37.797.238,26.834.799,Broadleaf,13,Very curved,0.36,4.5
211,11,10x10,"Thijme, Jessica, Joshua, Sam",Thijme,Joshua,All,37.797.238,26.834.799,Broadleaf,14,,0.73,7.5
212,11,10x10,"Thijme, Jessica, Joshua, Sam",Thijme,Joshua,All,37.797.238,26.834.799,Broadleaf,15,Forked,0.52,6
213,11,10x10,"Thijme, Jessica, Joshua, Sam",Thijme,Joshua,All,37.797.238,26.834.799,Broadleaf,16,,0.33,4.5
214,11,10x10,"Thijme, Jessica, Joshua, Sam",Thijme,Joshua,All,37.797.238,26.834.799,Broadleaf,17,,0.44,5.5
215,11,10x10,"Thijme, Jessica, Joshua, Sam",Thijme,Joshua,All,37.797.238,26.834.799,Broadleaf,18,,0.49,7.5
216,11,10x10,"Thijme, Jessica, Joshua, Sam",Thijme,Joshua,All,37.797.238,26.834.799,Broadleaf,19,Curved,0.47,7.5
217,11,10x10,"Thijme, Jessica, Joshua, Sam",Thijme,Joshua,All,37.797.238,26.834.799,Broadleaf,20,Curved,0.48,7
218,12,10x10,"Thijme, Jessica, Joshua, Sam",Thijme,Jessica,All,37.796.968,26.834.751,Broadleaf,1,,0.39,8.5
219,12,10x10,"Thijme, Jessica, Joshua, Sam",Thijme,Jessica,All,37.796.968,26.834.751,Broadleaf,2,,0.36,8
220,12,10x10,"Thijme, Jessica, Joshua, Sam",Thijme,Jessica,All,37.796.968,26.834.751,Broadleaf,3,Curved,0.36,8
221,12,10x10,"Thijme, Jessica, Joshua, Sam",Thijme,Jessica,All,37.796.968,26.834.751,Broadleaf,4,,0.33,7.5
222,12,10x10,"Thijme, Jessica, Joshua, Sam",Thijme,Jessica,All,37.796.968,26.834.751,Broadleaf,5,Curved,0.4,7
223,12,10x10,"Thijme, Jessica, Joshua, Sam",Thijme,Jessica,All,37.796.968,26.834.751,Broadleaf,6,Dead,0.31,5.5
224,12,10x10,"Thijme, Jessica, Joshua, Sam",Thijme,Jessica,All,37.796.968,26.834.751,Broadleaf,7,,0.43,7.5
225,12,10x10,"Thijme, Jessica, Joshua, Sam",Thijme,Jessica,All,37.796.968,26.834.751,Broadleaf,8,,0.42,7
226,12,10x10,"Thijme, Jessica, Joshua, Sam",Thijme,Jessica,All,37.796.968,26.834.751,Broadleaf,9,Dead,0.32,4
227,12,10x10,"Thijme, Jessica, Joshua, Sam",Thijme,Jessica,All,37.796.968,26.834.751,Broadleaf,10,,0.65,8.5
228,12,10x10,"Thijme, Jessica, Joshua, Sam",Thijme,Jessica,All,37.796.968,26.834.751,Broadleaf,11,,0.33,7
229,12,10x10,"Thijme, Jessica, Joshua, Sam",Thijme,Jessica,All,37.796.968,26.834.751,Broadleaf,12,,0.44,7
230,12,10x10,"Thijme, Jessica, Joshua, Sam",Thijme,Jessica,All,37.796.968,26.834.751,Broadleaf,13,,0.56,7.5
231,12,10x10,"Thijme, Jessica, Joshua, Sam",Thijme,Jessica,All,37.796.968,26.834.751,Broadleaf,14,,0.36,6
232,12,10x10,"Thijme, Jessica, Joshua, Sam",Thijme,Jessica,All,37.796.968,26.834.751,Broadleaf,15,,0.5,8
233,12,10x10,"Thijme, Jessica, Joshua, Sam",Thijme,Jessica,All,37.796.968,26.834.751,Broadleaf,16,,0.56,8.5
234,12,10x10,"Thijme, Jessica, Joshua, Sam",Thijme,Jessica,All,37.796.968,26.834.751,Broadleaf,17,,0.53,8.5
235,12,10x10,"Thijme, Jessica, Joshua, Sam",Thijme,Jessica,All,37.796.968,26.834.751,Broadleaf,18,Curved,0.53,7.5
236,12,10x10,"Thijme, Jessica, Joshua, Sam",Thijme,Jessica,All,37.796.968,26.834.751,Broadleaf,19,,0.58,8
237,12,10x10,"Thijme, Jessica, Joshua, Sam",Thijme,Jessica,All,37.796.968,26.834.751,Broadleaf,20,,0.35,7.5
238,12,10x10,"Thijme, Jessica, Joshua, Sam",Thijme,Jessica,All,37.796.968,26.834.751,Broadleaf,21,,0.44,7.5
